<?xml version='1.0' encoding='UTF-8' ?>
<timeLogEntries>
  <time id="33" start="@1549121412000" delta="120" flag="M" />
  <time id="35" path="/Project/Integrador/Gmap/PSP0/Design" start="@1549149243000" delta="204" flag="A" />
  <time id="34" start="@1549131243000" flag="M" />
  <time id="36" flag="D" />
  <time id="37" path="/Project/Integrador/Gmap/PSP0/Code" start="@1549161000000" delta="200" flag="A" />
  <time id="38" path="/Project/Integrador/Gmap/PSP0/Code" start="@1549203292000" delta="940" flag="A" />
  <time id="39" flag="D" />
  <time id="40" flag="D" />
</timeLogEntries>
