<?xml version='1.0' encoding='UTF-8' ?>
<timeLogEntries>
  <time id="21" path="/Laboratorio/PSP for Engineers/Program 1/Planning" start="@1539444906434" delta="347" />
  <time id="22" path="/Laboratorio/PSP for Engineers/Program 1/Code" start="@1539619498360" delta="557" />
  <time id="23" path="/Laboratorio/PSP for Engineers/Program 1/Code" start="@1540218169084" delta="107" />
  <time id="24" path="/Laboratorio/PSP for Engineers/Program 1/Code" start="@1540230172655" delta="54" />
  <time id="25" path="/Laboratorio/PSP for Engineers/Program 1/Code" start="@1540260574916" delta="80" />
  <time id="26" path="/Laboratorio/PSP for Engineers/Program 1/Code" start="@1540403008773" delta="181" />
  <time id="27" path="/Laboratorio/PSP for Engineers/Program 1/Test" start="@1540417251843" delta="65" />
  <time id="28" path="/Laboratorio/PSP for Engineers/Program 1/Test" start="@1540421181769" delta="455" interrupt="48" />
  <time id="29" path="/Laboratorio/PSP for Engineers/Program 1/Design" start="@1540509818621" delta="334" />
  <time id="30" path="/Laboratorio/PSP for Engineers/Proyecto Estructuras/Planning" start="@1541338093545" delta="67" />
  <time id="31" path="/Laboratorio/PSP for Engineers/Proyecto Estructuras/Planning" start="@1541343719264" delta="69" />
  <time id="32" path="/Laboratorio/PSP for Engineers/Proyecto Estructuras/Planning" start="@1541351806820" delta="224" />
  <time id="33" path="/Project/Integrador/Gmap/PSP0/Planning" start="@1549121412482" delta="19" />
  <time id="34" path="/Project/Integrador/Gmap/PSP0/Planning" start="@1549131243588" delta="308" />
</timeLogEntries>
