<?xml version='1.0' encoding='UTF-8' ?>
<timeLogEntries>
  <time id="1" path="/Non Project/PSP for Engineers/Program 1/Planning" start="@1540327377968" delta="12" />
  <time id="2" path="/Non Project/PSP for Engineers/Program 1/Planning" start="@1540336645106" delta="164" />
  <time id="3" path="/Non Project/PSP for Engineers/Program 1/Planning" start="@1540353924290" delta="38" />
  <time id="4" path="/Non Project/PSP for Engineers/Program 1/Planning" start="@1540387753151" delta="154" />
  <time id="5" path="/Non Project/PSP for Engineers/Program 1/Planning" start="@1540405317406" delta="55" />
  <time id="6" path="/Non Project/PSP for Engineers/Program 1/Planning" start="@1540419028940" delta="77" />
  <time id="7" path="/Non Project/PSP for Engineers/Program 1/Planning" start="@1540427061481" delta="35" />
  <time id="8" path="/Non Project/PSP for Engineers/Program 1/Planning" start="@1540436475963" delta="114" />
  <time id="9" path="/Non Project/PSP for Engineers/Program 1/Planning" start="@1540507996038" delta="104" />
</timeLogEntries>
